Name,PhoneNumber,Email,Website
Industrial Electric Testing Inc,N/A,N/A,N/A
Industrial Electric Testing Inc,N/A,N/A,N/A
Steve's Electric Inc,(863) 300-0082,N/A,https://steveselectricinc.com/service-estimate
Steve's Electric Inc,(863) 300-0082,N/A,https://steveselectricinc.com/service-estimate
Electrical Unlimited Service,(863) 659-4214,N/A,N/A
N/A,N/A,N/A,N/A
Pattie Electric Heating & Cooling,(813) 602-5359,N/A,https://www.pattieelectric.com
N/A,N/A,N/A,N/A
Industrial Electric Testing Inc,(904) 479-5096,N/A,http://www.industrialelectrictesting.com
Arcadia Electric Co,(863) 494-2665,N/A,http://arcadiaelectriccompany.com
Kvar Electric Supersaver,(863) 438-6027,N/A,N/A
Conley's Electric Svc,(999) 999-9999,N/A,N/A
Central Electric Motor Service,(863) 422-4721,N/A,https://energycentral.com/news/top-ten-energy-industry-regulatory-decisions-and-developments-2019
Guinn's Electrical,(863) 421-2573,N/A,N/A
Maintenance Electric Co Inc,(863) 422-0002,N/A,N/A
Eal Electric,(863) 547-4384,N/A,N/A
Guinn Dennis & Missy,(863) 421-2573,N/A,N/A
Sylvain Electri C Inc,(863) 353-5688,N/A,N/A
Guinn's Electric Services,(863) 421-2573,N/A,N/A
R & R Electrical All Star,(863) 326-5560,N/A,N/A
N/A,N/A,N/A,N/A
Electric by Ken Inc,(863) 450-4507,N/A,N/A
N/A,N/A,N/A,N/A
Ilgs Consolidated Service Inc,(863) 299-2561,N/A,N/A
N/A,N/A,N/A,N/A
Daryl Hershey Electric Inc,(863) 293-1918,N/A,N/A
N/A,N/A,N/A,N/A
Florida Electrical Services,(863) 420-6200,N/A,http://www.floridaelectricalservices.com
N/A,N/A,N/A,N/A
J And J Electric,(863) 297-7077,N/A,https://jjelectric.net
N/A,N/A,N/A,N/A
Southern Electric & Comms,(863) 956-9677,N/A,https://southernelectricfla.com
N/A,N/A,N/A,N/A
Davenport Electric Inc,(407) 598-0440,N/A,N/A
Electricians,(321) 222-9778,N/A,N/A
Electricians,(321) 222-9778,N/A,N/A
Top Flight Electric,(863) 349-3355,N/A,https://topflightelectric.com
Enlightened Electric,(863) 354-0650,N/A,https://enlightenedelectric.com
B L Smith Electric Inc,(863) 439-7401,N/A,https://blsmithelectric.com/contact
Atline Electric Services,(863) 934-1337,N/A,https://atlineelectric.com/contact-us
Griggs Consolidated Services Inc,(863) 299-2561,N/A,N/A
Heart of Florida Electric,(863) 551-3191,N/A,http://www.heartoffloridaelectricinc.com
N/A,N/A,N/A,N/A
N/A,N/A,N/A,N/A
Tampa Electric Co,(863) 299-0800,N/A,http://tampaelectric.com
Tampa Electric Co,(863) 299-0800,N/A,http://tampaelectric.com
Miller Electric Company,(863) 268-6299,N/A,https://www.mecojax.com
Big B Electric,(863) 324-5250,N/A,N/A
American Electric,(863) 297-6543,N/A,N/A
Ashley Electric Co,(863) 551-9483,N/A,N/A
Auburndale Power,(863) 965-1561,N/A,N/A
Duke Energy,(863) 967-2848,N/A,N/A
Vybz Electric,(863) 401-2963,N/A,N/A
Generx Generators,(863) 260-7032,N/A,N/A
EIA Electric Inc,(646) 827-1238,N/A,N/A
Tom Torbert Electric Inc,(863) 528-0350,N/A,N/A
Stewart Electric Service Inc,(863) 956-5446,N/A,http://www.stewartelectricsvc.com
Frost Electric,(863) 956-4044,N/A,N/A
Brock Industrial Electric,(863) 325-8269,N/A,http://brockindustrialelectric.com
Stewart Electric Service Inc,(863) 956-5446,N/A,N/A
Southeast Electric Inc,(863) 294-2499,N/A,N/A
Tucker Electric Of Winter Haven Inc,(863) 294-2499,N/A,N/A
Strong Tower Electrical Contractor,(863) 236-7422,N/A,https://strongtowerelectrical.com
Power Maintenance Consltng Inc,(863) 255-7471,N/A,N/A
Alpha Electric,(863) 293-4842,N/A,N/A
Hylton Electric,(863) 624-7000,N/A,https://www.hylton-electric.com
Haines City Electric Co,(863) 294-8856,N/A,N/A
Southern Electric & Communications,(863) 956-9677,N/A,N/A
T M & Sons Svc Co,(863) 325-8011,N/A,N/A
Susan Miller Inc,(941) 704-2938,N/A,N/A
R & R Electrical Allstar,(863) 326-5560,N/A,N/A
Top Flight Electric Inc,(863) 875-5803,N/A,N/A
Mnr Electrical Contracting,(863) 969-8811,N/A,N/A
Griggs Consolidated Services Inc,(863) 299-2561,N/A,N/A
W Soule & Company,(407) 858-0123,N/A,https://www.wsoule.com
N/A,N/A,N/A,N/A
N/A,N/A,N/A,N/A
Moore Power Inc,(863) 965-0020,N/A,https://moorepowerinc.com
Moore Power Inc,(863) 965-0020,N/A,https://moorepowerinc.com
Jenkins Electric Co Inc,(863) 967-0558,N/A,N/A
Lake Region Electric Co,(863) 293-0502,N/A,N/A
Strada Electric,(863) 662-4520,N/A,https://stradaservices.com/service-area/air-conditioning-heating-auburndale-fl
Atline Electric Services - Winter Haven,(863) 282-1465,N/A,https://atlineelectric.com
Siemens Westinghouse Power Crp,(407) 390-4555,N/A,N/A
Reiter Electric Inc,(863) 967-2548,N/A,http://reiterelectricinc.com/defaultsite
Timothy D Reiter Contractor,(863) 967-2548,N/A,N/A
Center State El Ectric,(863) 845-5103,N/A,https://centerstateelectric.com
Control Design Electrical Contractors,(863) 965-3600,N/A,N/A
Superior Unlimited Enterprises,(863) 294-1683,N/A,http://cypresssigns.com
Montoya Electric Service Inc,(863) 967-9432,N/A,N/A
New Electric,(863) 289-1184,N/A,http://www.newelectricllc.com
"Top Flight Electric, Inc",(863) 229-5150,N/A,http://topflightelectric.com
Solid Circuit Electric,(863) 804-7109,N/A,N/A
G & G Electric Svc,(863) 968-0662,N/A,http://www.g-gelectricservice.com/contact-us/2192183
F & J Electric LLC,(863) 521-9984,N/A,N/A
Visions of Sound,(863) 289-1550,N/A,https://thevisionofsound.weebly.com
"A & T Electric, LLC",(863) 287-3074,N/A,http://atelectricllc.net
In Phaze Electric,(863) 682-5777,N/A,N/A
N/A,N/A,N/A,N/A
Ken Eddy Electric,(863) 646-7340,N/A,N/A
N/A,N/A,N/A,N/A
Christian Electrician,(863) 647-9900,N/A,N/A
N/A,N/A,N/A,N/A
Lewman Electric LLC,(863) 398-0495,N/A,http://www.lewmanelectric.com
N/A,N/A,N/A,N/A
clancy electric llc,(863) 676-2424,N/A,N/A
N/A,N/A,N/A,N/A
James Goffe Electrical Contractor,(863) 701-6547,N/A,http://www.lakelandelectricalcontractor.com
N/A,N/A,N/A,N/A
City of Bartow Electric Department,(863) 534-0134,N/A,N/A
N/A,N/A,N/A,N/A
Speedway Electric,(863) 967-7977,N/A,http://www.myfloridalicense.com
N/A,N/A,N/A,N/A
Big B Electric,(863) 324-5250,N/A,N/A
Wheelabrator Ridge Energy Inc,(863) 665-2255,N/A,http://wheelabratortechnologies.com
G & G Electric Service Inc,(863) 299-0020,N/A,http://www.g-gelectricservice.com
N/A,N/A,N/A,N/A
N/A,N/A,N/A,N/A
Local Electricians In Polk City FL,(941) 343-5837,N/A,http://www.associatedelectric.com
Local Electricians In Polk City FL,(941) 343-5837,N/A,N/A
Associated Companies Dba Associated Electric,(863) 294-9292,N/A,http://www.associatedelectric.com
Mister Sparky,(863) 473-4704,N/A,https://mistersparky.com
McIntosh Power Plant,(863) 834-6600,N/A,https://lakelandelectric.com
Wingate Communications & Electric Inc,(863) 293-6065,N/A,N/A
Packard Electric Inc,(863) 298-0109,N/A,N/A
Once Barr Electric Inc,(863) 294-2277,N/A,N/A
Baggett Kathy,(863) 324-5250,N/A,N/A
Statewide Electric,(863) 223-8042,N/A,http://www.acdcstatewide.com
B L Smith Electric Inc,(863) 293-6015,N/A,N/A
Oar Electric Inc,(863) 676-8801,N/A,http://oarelectric.com
Central Florida Electric,(863) 676-8663,N/A,N/A
Bamberg Electric Inc,(863) 299-5500,N/A,N/A
Control Design Electrical Contractors Inc,(863) 676-7934,N/A,N/A
Estes Electric Inc,(863) 676-5437,N/A,http://esteselectric.com
Tcg Enterprises Inc,(863) 676-5969,N/A,https://www.xingxin55.net/s1/kybukg
Winans Electric Motors,(863) 875-5710,N/A,N/A
Marin Electrical Systems Ec,(863) 409-3010,N/A,N/A
F&J Electric LLC,(863) 521-9984,N/A,N/A
Secure Electrical Construction,(863) 267-5719,N/A,N/A
Ridge Electric LLC,(863) 201-5456,N/A,https://ridgeelectric-fl.com
Mirtil Electric LLC,(863) 262-6862,N/A,http://mirtilelectric.com
Roberts Electrical Services,(863) 648-0056,N/A,N/A
Frank Hicks Electric,(863) 537-6411,N/A,N/A
Runnels Electrical Svc,(863) 559-6210,N/A,N/A
Non-Stop Electric,(863) 453-4513,N/A,N/A
Ridge Electric,(863) 287-3507,N/A,http://www.ridgeelectricfl.com
F J Electric,(863) 521-9984,N/A,N/A
Statewide Electric of Central Florida Inc,(863) 223-8306,N/A,https://www.statewideelectric-hvacr.com
Cassady Electric Inc,(863) 294-2924,N/A,N/A
N/A,N/A,N/A,N/A
N/A,N/A,N/A,N/A
Lakeland City of-Lakeland Electric,(863) 834-6300,N/A,http://www.lakelandelectric.com
Lakeland City of-Lakeland Electric,(863) 834-6300,N/A,http://www.lakelandelectric.com
Hardee Power Station,(863) 375-3266,N/A,http://tecoenergy.com
Ace Electrical Services Inc,(863) 682-6064,N/A,N/A
Christian Electrician,(863) 647-9900,N/A,N/A
Highlands Electric,(863) 453-3925,N/A,http://highlandselectric.com
Electric Company Near Me,(863) 225-7747,N/A,https://voxservices.net/electrician/lakeland/fl/11384/electriccompanynearme
Parrothead Electric Co,(863) 287-8502,N/A,N/A
Taylor Electric,(863) 425-2347,N/A,N/A
Gray's Electric,(863) 773-9260,N/A,N/A
Southern Electrical Consultants,(813) 586-2133,N/A,http://www.southernelectrical.net
Florida Electrical Services,(855) 320-8389,N/A,N/A
Thompson Electrical Contracting Inc,(863) 781-6699,N/A,http://www.thompsonelectricalcontracting.com
Birdwell Electric,(863) 287-0309,N/A,N/A
Andresselectric,(863) 226-5039,N/A,http://www.andresselectric.com
Elkins Electric,(863) 576-1083,N/A,http://www.elkinselectric.com
Lakeland Electricians Near Me,(863) 225-7746,N/A,https://voxservices.net/electrician/lakeland/fl/11383/lakelandelectriciansnearme
L J Rossi Electric,(863) 676-6442,N/A,N/A
Ace Electrical Services Inc,(863) 292-9050,N/A,N/A
Lamar Olliff Electric Inc,(863) 666-5773,N/A,N/A
Natural Air Energy Saving Systems,(863) 679-2665,N/A,http://naturalairenergy.com
N/A,N/A,N/A,N/A
Vroom's Commercial Services,(407) 847-7333,N/A,N/A
"Pro-Tech Plumbing, Air Conditioning & Electric",(863) 318-8857,N/A,https://www.protechpace.com
"Honest Plumbing, Air Conditioning and Electric",(863) 229-2231,N/A,https://honestpace.com
MNR Electrical Contracting,(863) 969-8811,N/A,http://www.mnrelectric.net
Top Notch Air Conditioning & Heating,(863) 875-5500,N/A,http://www.topnotch-air.com
Strada Services,(863) 216-2185,N/A,https://stradaservices.com/service-area/air-conditioning-heating-davenport-fl
On-site Power Services,(863) 287-0051,N/A,http://onsitepowerservices.com
Polk County Government,(863) 534-4000,N/A,N/A
D'best Electronics,(863) 656-5212,N/A,N/A
Streath Electric Inc,(863) 868-4566,N/A,N/A
N/A,N/A,N/A,N/A
